<!----------------------------------------------------------
	MVTimer UI
  ----------------------------------------------------------
  -->
<GuiXml>
    <Controls>
        <TopLevelControl name="MVTimerControlUI" clampedToScreen="true" mouseEnabled="true" movable="true" hidden="false">
			<Dimensions x="158" y="40" />
			<Anchor point="TOPLEFT" relativeTo="GuiRoot" relativePoint="CENTER" offsetX="0" offsetY="0"/>
			
			<OnMoveStop>
				MVTimer.OnIndicatorMoveStop()
			</OnMoveStop>
			
			<Controls>
				<Label name="$(parent)StatusTimerText" font="ZoFontWindowTitle" color="CFDCBD" wrapMode="ELLIPSIS" verticalAlignment="CENTER" horizontalAlignment="CENTER" text="Timer Text" >
					<Anchor point="TOPLEFT"  relativeTo="$(parent)" relativePoint="TOPLEFT" offsetX="0" offsetY="0"/>
                </Label>
			</Controls>
			
        </TopLevelControl>
	</Controls>
</GuiXml>